Title,Index
Politics and Economics of International Energy | Coursera,0
Corporate Finance Essentials | Coursera,1
"ETL and Data Pipelines with Shell, Airflow and Kafka | Coursera",2
"Speak English Professionally: In Person, Online & On the Phone | Coursera",3
An Intuitive Introduction to Probability | Coursera,4
Leadership Skills | Coursera,5
Data Analysis with R | Coursera,6
Exploring Emerging Technologies for Lifelong Learning and Success | Coursera,7
Stepping Up: Preparing Yourself for Leadership | Coursera,8
Introduction to Artificial Intelligence (AI) by IBM | Coursera,9
Introduction to Programming with Python and Java | Coursera,10
Design Thinking for the Greater Good: Innovation in the Social Sector | Coursera,11
Meta Social Media Marketing Professional Certificate | Coursera,12
Sharpened Visions: A Poetry Workshop | Coursera,13
Introduction to Personal Branding | Coursera,14
Introduction to Academic Writing | Coursera,15
Sustainable Cities Specialization [4 courses] (Johns Hopkins) | Coursera,16
Neuroscience and Neuroimaging | Coursera,17
Accounting Analysis II: Measurement and Disclosure of Liabilities | Coursera,18
Preparing for Google Cloud Certification: Cloud Security Engineer Professional Certificate | Coursera,19
Fundamentals of Financial Analysis | Coursera,20
Meta Data Analyst Professional Certificate | Coursera,21
Introduction to Healthcare | Coursera,22
An Introduction to Consumer Neuroscience & Neuromarketing | Coursera,23
Compliance and Risk Management | Coursera,24
The ABC of sustainability | Coursera,25
Microeconomics: The Power of Markets | Coursera,26
Regression & Forecasting for Data Scientists using Python | Coursera,27
Foundations of Management Consulting: Strategies & Tools | Coursera,28
Introduction to Vertex AI Studio | Coursera,29
Developing Websites and Front-Ends with Bootstrap | Coursera,30
The Path to Insights: Data Models and Pipelines | Coursera,31
Data Analysis and Visualization with Python | Coursera,32
Introduction to Deep Learning & Neural Networks with Keras | Coursera,33
Advanced R Programming | Coursera,34
Google SEO Capstone Project | Coursera,35
Team Building and Leadership in Project Management | Coursera,36
Medical Administrative Assistants and the Healthcare Team | Coursera,37
Introduction to Model-Based Systems Engineering | Coursera,38
Introduction to Generative AI in Human Resources | Coursera,39
Introduction to Data Analytics by IBM | Coursera,40
Microeconomics: When Markets Fail | Coursera,41
Career Planning: A Pathway to Employment | Coursera,42
Introduction to User Experience Design | Coursera,43
Introduction to Cognitive Psychology and Neuropsychology | Coursera,44
Transmedia Writing | Coursera,45
"Digital Marketing Strategy with Goldman Sachs 10,000 Women | Coursera",46
Fundamentals of Data Analytics in the Public Sector with R | Coursera,47
Question Reality: Cosmos | Coursera,48
Introduction to Microsoft Power Platform | Coursera,49
Decision-Making | Coursera,50
Introduction to Information Technology and AWS Cloud | Coursera,51
Payroll & HR Management | Coursera,52
Electric Vehicle Systems and Technologies | Coursera,53
"Innovation Through Design: Think, Make, Break, Repeat | Coursera",54
Account Management & Sales Force Design | Coursera,55
Mastering Azure Databricks for Data Engineers | Coursera,56
Data Modeling in Power BI | Coursera,57
Introduction to Environmental Law and Policy | Coursera,58
AI For Everyone | Coursera,59
Balance Sheet and Business Cases | Coursera,60
Introduction to Electronics | Coursera,61
Advanced Topics and Future Trends in Database Technologies | Coursera,62
"Creativity, Innovation and Transformation | Coursera",63
Data Analysis Using Python | Coursera,64
Relationship Management and Business Development | Coursera,65
Big Data Analysis with Scala and Spark | Coursera,66
Corporate Financial Decision-Making for Value Creation | Coursera,67
Data Analysis and Presentation Skills: the PwC Approach | Coursera,68
Introduction to Social Media Marketing | Coursera,69
Economía y Finanzas de Empresas | Coursera,70
Brand and Product Management | Coursera,71
Advanced Interviewing Techniques | Coursera,72
Entrepreneurship | Coursera,73
AWS Generative AI for Developers Professional Certificate | Coursera,74
Full Stack Web Development en Español Specialization [4 courses] (Universidad Austral) | Coursera,75
Leadership: Being a Confident and Effective Team Leader | Coursera,76
"Globalization, Economic Growth and Stability Specialization [3 courses] (IE Business School) | Coursera",77
Software Quality Assurance and Testing | Coursera,78
Hospitality Luxury Brand Management | Coursera,79
Digital Marketing | Coursera,80
Serverless Data Processing with Dataflow | Coursera,81
Microsoft 365 Copilot: Personal Productivity for All | Coursera,82
"Generative AI: Impact, Considerations, and Ethical Issues | Coursera",83
Local Economic Development | Coursera,84
Stepping Up: Leading Others | Coursera,85
English for Effective Business Writing | Coursera,86
Introduction to Financial Planning and Wealth Management | Coursera,87
Foundations of Cybersecurity | Coursera,88
Creative Problem Solving | Coursera,89
High-Impact Business Writing | Coursera,90
Energy and Environment | Coursera,91
Introduction to DevOps | Coursera,92
Visualization for Data Analysis with Power BI | Coursera,93
Brand Management: Strategies for a Strong Brand | Coursera,94
Better Business Writing in English | Coursera,95
Leading Healthcare Quality and Safety | Coursera,96
Essential Google Cloud Infrastructure: Foundation | Coursera,97
Fundamentals of Data Visualization | Coursera,98
Introduction to Web Development | Coursera,99
Marketing Verde | Coursera,100
Sustainable Digital Innovation | Coursera,101
E-commerce Academy | Coursera,102
AI Applications in People Management | Coursera,103
Principles of Economics: Introduction - Getting to Know You | Coursera,104
Creating a Healthy Culture: Addressing Workplace Bullying | Coursera,105
Microeconomics Principles | Coursera,106
Conflict Management Specialization [4 courses] (UC Davis) | Coursera,107
Data Science Math Skills | Coursera,108
The Full Stack | Coursera,109
Advanced Models for Decision Making | Coursera,110
Advanced Writing | Coursera,111
Leadership Communication for Maximum Impact: Storytelling | Coursera,112
Behavioral Finance | Coursera,113
Foundations of Digital Marketing and E-commerce by Google | Coursera,114
Innovation Management: Winning in the Age of Disruption | Coursera,115
Applied Cryptography Specialization [4 courses] (CU) | Coursera,116
An Introduction to American Law | Coursera,117
Essentials of Corporate Finance Specialization [5 courses] (UoM) | Coursera,118
IELTS Writing Section Skills Mastery | Coursera,119
Liderazgo de equipos | Coursera,120
Introduction to Corporate Sustainability | Coursera,121
Root Cause Analysis: Principles and Benefits | Coursera,122
Writing a Personal Essay | Coursera,123
經濟學概論：誘因與市場（Introduction to Economics: Incentive and Markets） | Coursera,124
Writing for Young Readers: Opening the Treasure Chest | Coursera,125
The Power of Statistics | Coursera,126
Generative AI for Healthcare | Coursera,127
"Introduction to TensorFlow for Artificial Intelligence, Machine Learning, and Deep Learning | Coursera",128
Probability Foundations for Data Science and AI | Coursera,129
XML Foundations and Styling for Modern Web Developers | Coursera,130
VFX with Adobe After Effects from Novice to Expert | Coursera,131
Improving Communication Skills | Coursera,132
Business Writing | Coursera,133
Solving Problems with Creative and Critical Thinking | Coursera,134
التحدث والتواصل بثقة | Communicating With Confidence | Coursera,135
IBM AI Developer Professional Certificate | Coursera,136
Habilidades de negociación y comunicación efectiva | Coursera,137
"NoSQL, Big Data, and Spark Foundations Specialization [3 courses] (IBM) | Coursera",138
Financial Analysis - Skills for Success Specialization [3 courses] (UIUC) | Coursera,139
"Data Engineering, Big Data and ML on Google Cloud en Español Specialization [5 courses] (Google Cloud) | Coursera",140
Learn English: Advanced Academic Speaking and Listening | Coursera,141
Fundamentals of Project Planning and Management | Coursera,142
Start Writing Prompts like a Pro | Coursera,143
Medical Image Processing | Coursera,144
Credit Risk Modeling & its Application in Banks | Coursera,145
Corporate Sustainability. Understanding and Seizing the Strategic Opportunity | Coursera,146
Agile Team Leadership | Coursera,147
Teamwork and Creativity | Coursera,148
Seaborn Python Data Visualization & Analysis | Coursera,149
"Recruiting, Hiring, and Onboarding Employees | Coursera",150
Financial Accounting Fundamentals | Coursera,151
Introduction to Business | Coursera,152
TQM Excellence: Lean Six Sigma & Quality Systems | Coursera,153
The Marketing Plan | Coursera,154
Hypothesis Testing in Public Health | Coursera,155
Supervised Machine Learning: Classification | Coursera,156
Introduction to Generative AI | Coursera,157
Structure: Building the Frame for Business Growth | Coursera,158
Generative AI for Human Resources (HR) Professionals | Coursera,159
Finding Purpose and Meaning In Life: Living for What Matters Most | Coursera,160
Fundamentals of Marketing Strategy | Coursera,161
Research Methodologies | Coursera,162
Google AI Essentials | Coursera,163
Natural Language Processing | Coursera,164
Business Strategy | Coursera,165
Java for Android | Coursera,166
Launch Your Online Business | Coursera,167
Astronomy: Exploring Time and Space | Coursera,168
"AI-Enhanced Copywriting: SurferSEO, Upword and Anyword | Coursera",169
Statistical Inference | Coursera,170
Agile with Atlassian Jira | Coursera,171
Social Media Content and Strategy | Coursera,172
Operations Analytics | Coursera,173
Deep Learning and Reinforcement Learning | Coursera,174
Accounting 2 | Coursera,175
Managing Cybersecurity Incidents and Disasters | Coursera,176
IBM Data Science Professional Certificate | Coursera,177
نماذج تقييم الأداء | Performance Management Models | Coursera,178
Managing Microsoft Teams (MS-700) | Coursera,179
Marketing Strategy | Coursera,180
Mindware: Critical Thinking for the Information Age | Coursera,181
Introduction to Economic Theories | Coursera,182
Management Foundations in the Hospitality Industry | Coursera,183
Security Governance & Compliance | Coursera,184
Business Analytics for Decision Making | Coursera,185
Introduction to Big Data with Spark and Hadoop | Coursera,186
Excel Basics for Data Analysis by IBM | Coursera,187
Deep Learning with Keras and Tensorflow | Coursera,188
Mathematics for Engineers | Coursera,189
Principles of fMRI 2 | Coursera,190
Introduction to Agile Development and Scrum | Coursera,191
Data Science Foundations | Coursera,192
Initiating and Planning Projects | Coursera,193
Financial Accounting: Foundations | Coursera,194
Hiring Practices | Coursera,195
Customer-Centric Innovation | Coursera,196
XHTML Front-End Web Design with CSS | Coursera,197
Introduction to Generative AI in Healthcare | Coursera,198
Technology & Entrepreneurship | Coursera,199
Generative AI for Digital Marketing | Coursera,200
Creative Thinking: Techniques and Tools for Success | Coursera,201
Culture-Driven Team Building Capstone | Coursera,202
Introduction to Corporate Finance | Coursera,203
Interest Rate Models | Coursera,204
Sustainability for Business: ESG Fundamentals | Coursera,205
Data Engineering Foundations Specialization [5 courses] (IBM) | Coursera,206
Valuation for Startups Using Discounted Cash Flows Approach | Coursera,207
Branding: The Creative Journey Specialization [4 courses] (IE Business School) | Coursera,208
Influencer Marketing Strategy | Coursera,209
Healthcare Analytics Essentials | Coursera,210
Banking & Finance in India | Coursera,211
Advanced Business Analytics: Excel Optimization & Simulation | Coursera,212
What is Data Science? | Coursera,213
Positive Psychology: Resilience Skills | Coursera,214
Marketing in a Digital World | Coursera,215
Programmatic Advertising | Coursera,216
Sustainable Food Production Through Livestock Health Management | Coursera,217
Power Pivot Fundamentals | Coursera,218
Leadership in 21st Century Organizations | Coursera,219
Viral Marketing and How to Craft Contagious Content | Coursera,220
Principles of Economics: Microeconomics - Down to Business | Coursera,221
English for Career Development | Coursera,222
"Improving Deep Neural Networks: Hyperparameter Tuning, Regularization and Optimization | Coursera",223
Introduction to Linear Algebra | Coursera,224
Mathematical Foundations for Data Science and Analytics | Coursera,225
Experimentation for Improvement - Why is Experiment Important? | Coursera,226
Marketing Analytics | Coursera,227
Data Warehouse Fundamentals | Coursera,228
Game Theory by Stanford University & University of British Columbia | Coursera,229
IBM Full Stack Software Developer Professional Certificate | Coursera,230
Trade & investment: evidence-based policies for development | Coursera,231
Foundations of Project Management by Google | Coursera,232
Psychological First Aid by Johns Hopkins University | Coursera,233
The Strategy of Content Marketing | Coursera,234
IBM Business Analyst Professional Certificate | Coursera,235
Databases and SQL for Data Science with Python | Coursera,236
Mathematics for Engineering | Coursera,237
Overview of Advanced Methods of Reinforcement Learning in Finance | Coursera,238
"Influencing: Storytelling, Change Management and Governance | Coursera",239
Extraordinary Human Capital Management | Coursera,240
Introduction to Logic | Coursera,241
Competitive Strategy | Coursera,242
Meta React Native | Coursera,243
U.S. Federal Taxation | Coursera,244
Strategic Public Relations Planning | Coursera,245
Anatomy: Human Neuroanatomy | Coursera,246
مبادئ وأساسيات المحاسبة | What Accounting is all about | Coursera,247
Diseñando páginas web con Bootstrap 4 | Coursera,248
Practical Time Series Analysis | Coursera,249
Regression Models | Coursera,250
Meta Android UI Development | Coursera,251
Financial Statement Analysis | Coursera,252
Innovation: From Creativity to Entrepreneurship | Coursera,253
"Teach English Now! Second Language Listening, Speaking, and Pronunciation | Coursera",254
XML Practical - Web Service Parsing XML API | Coursera,255
Foundations of Data Science | Coursera,256
Create Easy Instagram Reels with Canva | Coursera,257
Business Analysis Process | Coursera,258
Collaborate Effectively for Professional Success | Coursera,259
Key Technologies for Business | Coursera,260
Riesgos y oportunidades empresariales en una economía globalizada | Coursera,261
Introduction to Structured Query Language (SQL) | Coursera,262
Factorial and Fractional Factorial Designs | Coursera,263
Fundamentos de la gestión del talento humano | Coursera,264
Introduction to Data Science | Coursera,265
Health Care Delivery in Healthcare Organizations | Coursera,266
Qualitative Research Methods | Coursera,267
Strategies for Converting and Retaining Customers Online | Coursera,268
الذكاء العاطفي | Emotional Intelligence | Coursera,269
Security in Google Cloud | Coursera,270
"AI-Powered Finance: Forecasting, Planning & Reporting | Coursera",271
Android App Development Specialization [5 courses] (Vanderbilt University) | Coursera,272
Customer Insights: New Product Development Orientation | Coursera,273
Leveraging Virtual Assistants for Personal Productivity | Coursera,274
Data Storytelling | Coursera,275
Excel Power Tools for Data Analysis | Coursera,276
The AI Awakening: Implications for the Economy and Society | Coursera,277
SAP Business Analyst Professional Certificate | Coursera,278
Introduction to Healthcare Management | Coursera,279
Microsoft R Programming for Everyone Professional Certificate | Coursera,280
Greening the Economy: Sustainable Cities | Coursera,281
التفكير الناقد | Critical Thinking | Coursera,282
Political Economy of Institutions and Development | Coursera,283
"Fundamentals of Business Finance, with Goldman Sachs 10,000 Women | Coursera",284
Assess for Success: Marketing Analytics and Measurement | Coursera,285
Fashion as Design | Coursera,286
Procurement for Governments | Coursera,287
Fundamentals of Social Media Advertising | Coursera,288
Arizona State University TESOL Professional Certificate | Coursera,289
Digital Product Management | Coursera,290
Knowing the Universe: History and Philosophy of Astronomy | Coursera,291
Employee Relations | Coursera,292
Assisting Public Sector Decision Makers With Policy Analysis | Coursera,293
Satisfaction Guaranteed: Develop Customer Loyalty Online | Coursera,294
Mastering SHRM Certification | Coursera,295
Critical Thinking Skills for the Professional | Coursera,296
Computational Neuroscience | Coursera,297
Emotional Intelligence | Coursera,298
Introduction to Statistics by Stanford University | Coursera,299
Foundations of Strategy | Coursera,300
Python Scripting for DevOps | Coursera,301
"Data Warehouse Concepts, Design, and Data Integration | Coursera",302
Power Query Fundamentals | Coursera,303
Developing a Winning Marketing Strategy | Coursera,304
Data Visualization with Advanced Excel | Coursera,305
Successful Negotiation: Essential Strategies and Skills | Coursera,306
European Business Law: Understanding the Fundamentals | Coursera,307
Effective Communication Skills | Coursera,308
Data Analytics Foundations | Coursera,309
Conflict Management For Everyone Specialization [4 courses] (ASU) | Coursera,310
Google Cybersecurity Professional Certificate | Coursera,311
Fundamentals of Machine Learning and Artificial Intelligence | Coursera,312
"Fundamentals of Financial Planning, with Goldman Sachs 10,000 Women | Coursera",313
Effective Talent Management & Development | Coursera,314
Private Equity and Venture Capital by Università Bocconi | Coursera,315
Sourcing Excellence | Coursera,316
"Data Engineering, Big Data and ML on Google Cloud 日本語版 | Coursera",317
The Language and Tools of Financial Analysis | Coursera,318
"Trade, Immigration and Exchange Rates in a Globalized World | Coursera",319
Leading a Family Business | Coursera,320
Principles of Accounts Payable and Receivable Management | Coursera,321
Effective Leadership: Master Management Styles | Coursera,322
Full Stack Web Development | Coursera,323
Monitoring and Observability for Development and DevOps | Coursera,324
Next-Gen Workplace Automation with GenAI | Coursera,325
Meta Marketing Analytics Professional Certificate | Coursera,326
Payroll and Tax Fundamentals | Coursera,327
Mastering the Art of Cross-Functional Collaboration | Coursera,328
From Excel to Power BI | Coursera,329
Taxation of Multinationals for Everyone | Coursera,330
AR (Augmented Reality) & Video Streaming Services Emerging Technologies | Coursera,331
AI and Machine Learning Algorithms and Techniques | Coursera,332
Programming Mobile Applications for Android Handheld Systems: Part 1 | Coursera,333
Critical Thinking: A Brain-Based Guide for the ChatGPT Era | Coursera,334
AWS Cloud Technical Essentials | Coursera,335
Healthcare Marketplace Specialization [5 courses] (UMN) | Coursera,336
Introduction to Data Analytics for Accounting Professionals | Coursera,337
Visual Analytics with Tableau | Coursera,338
Advanced Financial Reporting: Accounting for Business Combinations and Preparation of Consolidated Financial Statements | Coursera,339
Improving your statistical inferences | Coursera,340
IBM Data Analyst Professional Certificate | Coursera,341
Population Health: Fundamentals of Population Health Management | Coursera,342
Strategic Management | Coursera,343
Data Visualization and Reporting with Generative AI | Coursera,344
Investment Banking: M&A and Initial Public Offerings | Coursera,345
Songwriting: Writing the Lyrics | Coursera,346
Leverage Data Science for a More Agile Supply Chain Specialization [3 courses] (UC Davis) | Coursera,347
Creative Writing: The Craft of Plot | Coursera,348
Mathematics for Machine Learning: Linear Algebra | Coursera,349
Principles of Economics: Macroeconomics - The Big Picture | Coursera,350
Decentralized Finance (DeFi) Opportunities and Risks | Coursera,351
The Economics of AI | Coursera,352
Applied Sustainability Engineering | Coursera,353
Introduction to Mathematical Thinking | Coursera,354
Strategy and Game Theory for Management | Coursera,355
Data Analysis and Visualization with Power BI | Coursera,356
Meta Marketing Science Certification Prep | Coursera,357
Advanced XML Integration and Project Applications | Coursera,358
"High Performance Collaboration: Leadership, Teamwork, and Negotiation | Coursera",359
Science and Engineering of Climate Change | Coursera,360
"Time Series Mastery: Forecasting with ETS, ARIMA, Python | Coursera",361
Startup Entrepreneurship Specialization [4 courses] (TIIT) | Coursera,362
"Health, Safety, and Environmental (HSE) Engineering | Coursera",363
Mechanics of Materials I: Fundamentals of Stress & Strain and Axial Loading | Coursera,364
ADP AIRS® Entry-Level Recruiter Professional Certificate | Coursera,365
Finance for Non-Financial Managers | Coursera,366
International Marketing and Management | Coursera,367
AWS Security – Encryption Fundamentals | Coursera,368
Talent Acquisition | Coursera,369
Alternative Approaches to Valuation and Investment | Coursera,370
Big Data Emerging Technologies | Coursera,371
Google Data Analytics Professional Certificate | Coursera,372
Data Visualization with Python | Coursera,373
Build Your First Android App (Project-Centered Course) | Coursera,374
Marketing Gerencial | Coursera,375
Creating Change through Social Entrepreneurship | Coursera,376
Fundamentals of Visualization with Tableau | Coursera,377
Attract and Engage Customers with Digital Marketing | Coursera,378
Strategic Planning and Execution | Coursera,379
Social Media Advertising | Coursera,380
The Addicted Brain | Coursera,381
Design Fundamentals with AI | Coursera,382
"Project Approaches, Lifecycles, and Agile Implementation | Coursera",383
Continuous Delivery & DevOps | Coursera,384
Data Visualization with Tableau | Coursera,385
"Songwriting: Writing, Arranging, and Producing Music | Coursera",386
Diversity and Inclusion: Developing A Strategy | Coursera,387
Quality Improvement and Management | Coursera,388
Introduction to Finance and Accounting | Coursera,389
Scrum Master Certification | Coursera,390
"Transmedia Storytelling: Narrative worlds, emerging technologies, and global audiences | Coursera",391
Bookkeeping Basics | Coursera,392
Wind Energy | Coursera,393
AI Foundations for Everyone | Coursera,394
Introduction to Android Mobile Application Development | Coursera,395
Advertising with Meta by Meta | Coursera,396
Foundations of Business Strategy | Coursera,397
Health for All Through Primary Health Care | Coursera,398
Modern Frontend Web Development | Coursera,399
Global Marketing: Building Iconic Brands | Coursera,400
Supply Chain Management for E-commerce | Coursera,401
Generative AI for Everyone by DeepLearning.AI | Coursera,402
Introduction to KPIs: Measuring Success in Business | Coursera,403
Methods for Quantitative Research in Psychology | Coursera,404
Compensation and Benefits | Coursera,405
Financial Management | Coursera,406
Writing and Editing: Word Choice and Word Order | Coursera,407
"Spark, Hadoop, and Snowflake for Data Engineering | Coursera",408
A Crash Course in Causality: Inferring Causal Effects from Observational Data | Coursera,409
Fundamentals of Graphic Design | Coursera,410
Start Your Lifelong Learning | Coursera,411
Dynamic Public Speaking | Coursera,412
Management Skills for New Managers | Coursera,413
Human Resource Management: HR for People Managers | Coursera,414
Introduction to Financial Accounting | Coursera,415
Construction Management | Coursera,416
Stakeholder Management | Coursera,417
Improving Your Statistical Questions | Coursera,418
Understanding & Preventing Workplace Sexual Harassment | Coursera,419
Introduction to Imagemaking | Coursera,420
Global Energy and Climate Policy | Coursera,421
XML Practical - XSLT and SVG Project | Coursera,422
Microsoft Power BI Data Analyst Professional Certificate | Coursera,423
Econometrics: Methods and Applications | Coursera,424
Assets in Accounting | Coursera,425
Accelerate Your Job Search with AI | Coursera,426
Training and Practicing in English Public Speaking | Coursera,427
Essentials of Corporate Finance Capstone | Coursera,428
DevOps and AI on AWS | Coursera,429
"Federal Taxation I: Individuals, Employees, and Sole Proprietors | Coursera",430
Foundations of User Experience (UX) Design | Coursera,431
"Strategic HRM: Talent, Performance, Compensation Design | Coursera",432
Harnessing the Power of Data with Power BI | Coursera,433
Introduction to Technical Writing | Coursera,434
Introduction to Marketing | Coursera,435
Marketing Analytics with Meta | Coursera,436
Data Visualization | Coursera,437
Global Warming I: The Science and Modeling of Climate Change | Coursera,438
Design Thinking for Innovation | Coursera,439
Fundamentals of Quantitative Modeling | Coursera,440
Matplotlib: Python Data Visualization & Wrangling | Coursera,441
Market Research Methods and Data Analysis Certificate | Coursera,442
IBM Data Management Professional Certificate | Coursera,443
Well Being & Self Care: for Physical and Mental Health | Coursera,444
"Planning: Principled, Proposing, Proofing, and Practicing to a Success Plan | Coursera",445
IBM Product Manager Professional Certificate | Coursera,446
The Age of Sustainable Development | Coursera,447
Using Public Policy for Social Change | Coursera,448
Agile Project Management by Google | Coursera,449
Convolutional Neural Networks | Coursera,450
Microsoft AI Product Manager Professional Certificate | Coursera,451
Communication Skills | Coursera,452
DeepLearning.AI Data Analytics Professional Certificate | Coursera,453
Tableau Business Intelligence Analyst Professional Certificate | Coursera,454
Introduction to Food and Our Environment | Coursera,455
IBM Systems Analyst Professional Certificate | Coursera,456
Fundamentals of UI/UX Design | Coursera,457
Programming Mobile Applications for Android Handheld Systems: Part 2 | Coursera,458
Assessment for Data Analysis and Visualization Foundations | Coursera,459
IBM Data Analytics with Excel and R Professional Certificate | Coursera,460
Ideas from the History of Graphic Design | Coursera,461
Matrix Algebra for Engineers | Coursera,462
Finance of Mergers and Acquisitions: Valuation and Pricing | Coursera,463
Business and Financial Modeling | Coursera,464
International Humanitarian Law in Theory and Practice | Coursera,465
Finance & Quantitative Modeling for Analysts | Coursera,466
Introduction to Finance: The Basics by University of Illinois | Coursera,467
Scaling with Google Cloud Operations | Coursera,468
Supply Chain Planning | Coursera,469
Environmental Science | Coursera,470
Valuation and Financial Analysis For Startups Specialization [5 courses] (Yonsei University) | Coursera,471
Power BI Fundamentals | Coursera,472
Leading Teams | Coursera,473
Verbal Communications and Presentation Skills | Coursera,474
Transfer Pricing: Basic concepts and compliances | Coursera,475
Economics of Money and Banking | Coursera,476
Fundamentos del Marketing | Coursera,477
Practical Geospatial Geostatistical Modeling | Coursera,478
Industrial Relations: Fostering Workplace Climate | Coursera,479
Data Visualization with Tableau Project | Coursera,480
Gestión del talento humano | Coursera,481
Storytelling and influencing: Communicate with impact | Coursera,482
Decentralized Finance (DeFi) Primitives | Coursera,483
IBM Data Engineering Professional Certificate | Coursera,484
Improving Customer Retention | Coursera,485
Narrative Economics | Coursera,486
Exam Prep (DEA-C01): AWS Certified Data Engineer - Associate | Coursera,487
Introduction to Data Engineering | Coursera,488
Applied Analytics and Data for Decision Making | Coursera,489
AI for Good | Coursera,490
Statistical Modeling for Data Science Applications Specialization [3 courses] (CU Boulder) | Coursera,491
The Art and Science of Economic Policy | Coursera,492
Critical thinking: reasoned decision making | Coursera,493
Generative AI: Advance Your Human Resources (HR) Career | Coursera,494
Marketing Analytics Foundation | Coursera,495
Investment and Portfolio Management | Coursera,496
Building Web Applications in PHP | Coursera,497
Advanced Programming in Kotlin | Coursera,498
Introduction to Sustainability Course by University of Illinois at Urbana-Champaign | Coursera,499
Generative AI: Turbocharge Mobile App Development | Coursera,500
Unpacking Unconscious Bias in the Workplace | Coursera,501
Algebra: Elementary to Advanced Specialization [3 courses] (Johns Hopkins) | Coursera,502
Canva Design Essentials | Coursera,503
Information Security Analyst Professional Certificate | Coursera,504
Lesson | Small Talk & Conversational Vocabulary | Coursera,505
Data Visualization and Dashboards with Excel and Cognos | Coursera,506
Meta Android Developer Professional Certificate | Coursera,507
Setting Expectations & Assessing Performance Issues | Coursera,508
Fundamentals of Effective Team Management | Coursera,509
Project Planning: Putting It All Together | Coursera,510
Connected Leadership | Coursera,511
Reading Financial Statements | Coursera,512
Cryptography I | Coursera,513
Introduction to Tableau | Coursera,514
Share Data Through the Art of Visualization | Coursera,515
Finance for Non-Financial Professionals | Coursera,516
A Scientific Approach to Innovation Management | Coursera,517
Global Diplomacy – Diplomacy in the Modern World | Coursera,518
Professional Skills for the Workplace Specialization [4 courses] (UC Davis) | Coursera,519
Advanced Statistics for Data Science Specialization [4 courses] (Johns Hopkins) | Coursera,520
Managing Emotions in Times of Uncertainty & Stress | Coursera,521
EU policy and implementation: making Europe work! | Coursera,522
Decision-Making: Blending Art & Science | Coursera,523
Digital Marketing Trends | Coursera,524
"Tax, Real Estate, and Alternative Investment Strategies | Coursera",525
Writing and Editing: Structure and Organization | Coursera,526
Business Statistics and Analysis Specialization [5 courses] (Rice) | Coursera,527
IBM iOS and Android Mobile App Developer Professional Certificate | Coursera,528
Brand New Brand | Coursera,529
Financial Markets by Yale University | Coursera,530
Intro to International Marketing | Coursera,531
U.S. Taxation of International Transactions | Coursera,532
The Payroll Cycle | Coursera,533
Fundamentals of Credit Analysis | Coursera,534
Adobe Graphic Designer Professional Certificate | Coursera,535
Writing in the Sciences by Stanford University | Coursera,536
"Generative AI: Governance, Policy, and Emerging Regulation | Coursera",537
Motors and Motor Control Circuits | Coursera,538
Cloud Systems Software | Coursera,539
Workday Basics Series | Coursera,540
Marine Biology | Coursera,541
English Composition I | Coursera,542
"Brand Management: Aligning Business, Brand and Behaviour | Coursera",543
Google Advanced Data Analytics Professional Certificate | Coursera,544
Global Environmental Management | Coursera,545
Foundational Banking and Financial Services Skills in India | Coursera,546
"Data Modeling, Transformation, and Serving | Coursera",547
Market Research | Coursera,548
Statistics Foundations | Coursera,549
Introduction to AI | Coursera,550
"Healthcare Data Security, Privacy, and Compliance | Coursera",551
Architecting Solutions on AWS | Coursera,552
Speaking to persuade: Motivating audiences with solid arguments and moving language | Coursera,553
Big Data Processing Using Hadoop | Coursera,554
IBM Data Analyst Capstone Project | Coursera,555
Building Relationships with Communication | Coursera,556
Fundamentals of Reinforcement Learning | Coursera,557
UI / UX Design | Coursera,558
Implementing Supply Chain Analytics | Coursera,559
Corporate Strategy | Coursera,560
Leveraging AI for Enhanced Content Creation | Coursera,561
Personal & Family Financial Planning | Coursera,562
Sales Training: Techniques for a Human-Centric Sales Process | Coursera,563
Software Development Processes and Methodologies | Coursera,564
Leadership and Critical Thinking Specialization [3 courses] (Tecnológico de Monterrey) | Coursera,565
Macroeconomics for Business Management | Coursera,566
Selling to Chinese Consumers | Coursera,567
Entrepreneurship: Launching an Innovative Business | Coursera,568
Making Math Click: Understand Math Without Fear | Coursera,569
Agile Dev Practices: SDLC & Project Management | Coursera,570
Security Best Practices in Google Cloud | Coursera,571
Preparing to Manage Human Resources | Coursera,572
The Structured Query Language (SQL) | Coursera,573
Applied Statistics for Data Analytics | Coursera,574
Data Visualization: Fundamentals to Interactive Storytelling | Coursera,575
Introduction to Generative AI by Google Cloud | Coursera,576
AI for Scientific Research | Coursera,577
Geliştiriciler için Üretken Yapay Zeka | Coursera,578
Control Systems Analysis: Modeling of Dynamic Systems | Coursera,579
DevOps Mastery | Coursera,580
FinTech and the Transformation in Financial Services | Coursera,581
Project Management Essentials | Coursera,582
Entrepreneurship Strategy: From Ideation to Exit | Coursera,583
Learn English: Writing Effectively with Complex Sentences Specialization [3 courses] (UC Davis) | Coursera,584
Airport Infrastructure Development | Coursera,585
Communicating Your Best Self | Coursera,586
"Python for Data Science, AI & Development by IBM | Coursera",587
Ubiquitous Learning and Instructional Technologies | Coursera,588
Introduction to Cybersecurity Tools & Cyberattacks | Coursera,589
Creative Writing: The Craft of Style | Coursera,590
More Introduction to Financial Accounting | Coursera,591
Business English: Marketing and Sales | Coursera,592
The Role of Global Capital Markets | Coursera,593
Investment Strategies and Portfolio Analysis | Coursera,594
Understanding Financial Statements: Company Position | Coursera,595
Optimization for Decision Making | Coursera,596
DevOps Complete Course | Coursera,597
Web Applications for Everybody | Coursera,598
The Manager's Toolkit: A Practical Guide to Managing People at Work | Coursera,599
Structural scheme setting and ETABS Analysis of RCC Building | Coursera,600
Self Awareness and the Effective Leader | Coursera,601
Introduction to Cloud Computing | Coursera,602
Mindfulness and Well-being: Foundations | Coursera,603
Taxation of Business Entities I: Corporations | Coursera,604
Sustainable Design Practices in Building Design | Coursera,605
Regression Analysis: Simplify Complex Data Relationships | Coursera,606
Data Visualization Fundamentals | Coursera,607
China’s Economic Transformation Part 1: Economic Reform and Growth in China | Coursera,608
Financial Statements | Coursera,609
Artificial Intelligence | Coursera,610
Formwork Systems | Coursera,611
Hadoop and Spark Fundamentals | Coursera,612
Crafting User-First Product Experiences in the AI Era | Coursera,613
A Story of Economics: A Principles Tale | Coursera,614
Building Strategic Foresight Capabilities | Coursera,615
XML Practical - Style Sheets with CSS and XSL | Coursera,616
Agile Software Development | Coursera,617
Serverless Data Processing with Dataflow: Operations | Coursera,618
Cybersecurity for Everyone | Coursera,619
Sustainable Agricultural Land Management | Coursera,620
Getting Started with Leadership | Coursera,621
Getting Started with U.S. Payroll Fundamentals | Coursera,622
Learn English: Beginning Grammar Specialization [3 courses] (UC Davis) | Coursera,623
ChatGPT for Content Creation and Planning | Coursera,624
Active Listening: Enhancing Communication Skills | Coursera,625
Principles of fMRI 1 | Coursera,626
Introduction to Embedded Systems Software and Development Environments | Coursera,627
Generative AI for HR Professionals | Coursera,628
Confronting The Big Questions: Highlights of Modern Astronomy | Coursera,629
Microsoft Public Relations and Communications Associate Professional Certificate | Coursera,630
Multichannel Content Marketing | Coursera,631
Sustainable Infrastructure | Coursera,632
Inventory Analytics | Coursera,633
Digital Transformation in Financial Services | Coursera,634
Data-Driven Decision Making (DDDM) Specialization [3 courses] (SUNY) | Coursera,635
Excel Skills for Business: Essentials | Coursera,636
Managing Employee Performance | Coursera,637
Emotional Intelligence in Leadership | Coursera,638
Bayesian Statistics Specialization [5 courses] (UC Santa Cruz) | Coursera,639
Quantitative Methods | Coursera,640
Agile Decision-Making Frameworks | Coursera,641
Introduction to Engineering Mechanics | Coursera,642
Lesson | Business English Skills: Introducing Yourself in Business Settings | Coursera,643
Data Analytics in the Public Sector with R | Coursera,644
"Effective Communication: Writing, Design, and Presentation | Coursera",645
Statistical Analysis with R for Public Health | Coursera,646
Effective Strategies for Improving Employee Retention  | Coursera,647
"AI for Business: Branding, Creative Content, and Marketing | Coursera",648
Financial Analysis for Startups | Coursera,649
Corporate Finance I: Measuring and Promoting Value Creation | Coursera,650
Data Analysis and Visualization | Coursera,651
Green Skills for a Sustainable and Just Future | Coursera,652
Data Analytics Methods for Marketing | Coursera,653
Google IT Support Professional Certificate | Coursera,654
Foundations of Leadership | Coursera,655
Create the User Interface in Android Studio | Coursera,656
Investment Banking: Financial Analysis and Valuation | Coursera,657
Basics of entrepreneurship: thinking and doing | Coursera,658
Think like a CFO | Coursera,659
Speed Up Data Analysis and Presentation Building | Coursera,660
Quantitative Research | Coursera,661
Real Estate Development: Building Value in Your Community | Coursera,662
Successful Presentation | Coursera,663
Creative Writing: The Craft of Character | Coursera,664
IBM AI Foundations for Business | Coursera,665
Business Analytics | Coursera,666
Fundraising and Development | Coursera,667
Product Management | Coursera,668
Luxury Hospitality & Brand Innovation | Coursera,669
Data Science for Professionals | Coursera,670
Financial Planning for Young Adults | Coursera,671
Ask Questions to Make Data-Driven Decisions | Coursera,672
Spanish for Successful Communication in Healthcare Settings | Coursera,673
Continuous Integration and Continuous Delivery (CI/CD) | Coursera,674
Graphic Design | Coursera,675
"Generative AI: Fundamentals, Applications, and Challenges | Coursera",676
Global sustainability and corporate social responsibility: Be sustainable | Coursera,677
Introduction to Front-End Development | Coursera,678
Agile Strategy for Competitive Advantage | Coursera,679
Advanced Microsoft Power BI | Coursera,680
Excel Skills for Business: Advanced | Coursera,681
"Integrated Marketing Communications: Advertising, Public Relations, Digital Marketing and more | Coursera",682
Developing a Marketing Mix for Growth | Coursera,683
Financial Planning | Coursera,684
CISSP Certified Information Systems Security Professional | Coursera,685
Generative AI: Impact on Business and Society | Coursera,686
Gestión del estrés y Mindfulness | Coursera,687
R Programming by Johns Hopkins University | Coursera,688
Excel Skills for Business: Intermediate I | Coursera,689
Confident RPA UiPath Developer - Build 8 Projects | Coursera,690
Advanced Data Visualization with Tableau | Coursera,691
Designing Learning Innovation | Coursera,692
Positive Psychology: Applications and Interventions | Coursera,693
Finding Your Professional Voice: Confidence & Impact | Coursera,694
Mathematics for Machine Learning: Multivariate Calculus | Coursera,695
Sports Marketing | Coursera,696
"Comercio, Inmigración y Tipos de Cambio en un Mundo Globalizado | Coursera",697
Introducción a la inteligencia emocional | Coursera,698
Introduction to Data Management | Coursera,699
Data-driven Decision Making | Coursera,700
Customer Centric Innovation | Coursera,701
Marketing Digital: Desde SEO hasta Analítica de Datos | Coursera,702
Foundations of Probability and Statistics | Coursera,703
IBM Applied DevOps Engineering Professional Certificate | Coursera,704
Introduction to Cybersecurity Fundamentals | Coursera,705
Advanced Data Modeling | Coursera,706
Supply Chain Management and Analytics | Coursera,707
The Korean Economic Development | Coursera,708
Formwork for concreting | Coursera,709
Data Analysis and Visualization Foundations | Coursera,710
Neural Networks and Deep Learning by DeepLearning.AI | Coursera,711
Statistical Analysis Fundamentals using Excel | Coursera,712
Learn SQL Basics for Data Science Specialization [4 courses] (UC Davis) | Coursera,713
Leadership and Influence | Coursera,714
Renewable Energy and Green Building Entrepreneurship | Coursera,715
Power and Foreign Policy in International Relations | Coursera,716
Introduction to Public Relations and the Media | Coursera,717
Introduction to Google SEO | Coursera,718
"Online Games: Literature, New Media, and Narrative | Coursera",719
Sustentabilidad y Economías Sociales | Coursera,720
Linear Algebra: Linear Systems and Matrix Equations | Coursera,721
Business Analytics with Excel: Elementary to Advanced by Johns Hopkins University | Coursera,722
Recruiting for Diversity and Inclusion Specialization [4 courses] (UWA) | Coursera,723
مهارة مخاطبة الجمهور | Public Speaking Skills | Coursera,724
Innovation Management | Coursera,725
Leadership | Coursera,726
"Applied Python: Web Dev, Machine Learning & Cryptography | Coursera",727
Machine Learning with Apache Spark | Coursera,728
IBM Back-End Development Professional Certificate | Coursera,729
Innovations in Investment Technology: Artificial Intelligence | Coursera,730
Foundations of Strategic Communications | Coursera,731
Web and Mobile Testing with Selenium | Coursera,732
Demand Analytics | Coursera,733
FinTech Foundations and Overview | Coursera,734
Google SEO Fundamentals by UC Davis | Coursera,735
Design Basics of RCC Buildings | Coursera,736
Business Growth Strategy | Coursera,737
AAPC Medical Biller Professional Certificate | Coursera,738
Google UX Design Professional Certificate | Coursera,739
Innovation and International Strategy | Coursera,740
